Section,Host,Sequence,Status,Sent,Received,Loss_Pct,Latency_ms,Min_ms,Max_ms,Avg_ms,Consecutive_Fails,Last_Down_At,Timestamp,Details
Summary,google.ca,,Connected,7,7,0.0,,10.02,11.02,10.4,0,-,2026-10-03 15:25:53,
Probe,google.ca,1,Success,,,,10.09,,,,,,2026-10-03 15:25:29,
Probe,google.ca,2,Success,,,,10.05,,,,,,2026-10-03 15:25:30,
Probe,google.ca,3,Success,,,,10.54,,,,,,2026-10-03 15:25:31,
Probe,google.ca,4,Success,,,,10.81,,,,,,2026-10-03 15:25:32,
Probe,google.ca,5,Success,,,,10.24,,,,,,2026-10-03 15:25:33,
Probe,google.ca,6,Success,,,,11.02,,,,,,2026-10-03 15:25:34,
Probe,google.ca,7,Success,,,,10.02,,,,,,2026-10-03 15:25:35,
Summary,msn.ca,,Connected,7,7,0.0,,13.83,15.15,14.3,0,-,2026-10-03 15:25:53,
Probe,msn.ca,1,Success,,,,14.24,,,,,,2026-10-03 15:25:29,
Probe,msn.ca,2,Success,,,,13.83,,,,,,2026-10-03 15:25:30,
Probe,msn.ca,3,Success,,,,13.87,,,,,,2026-10-03 15:25:31,
Probe,msn.ca,4,Success,,,,14.57,,,,,,2026-10-03 15:25:32,
Probe,msn.ca,5,Success,,,,14.29,,,,,,2026-10-03 15:25:33,
Probe,msn.ca,6,Success,,,,15.15,,,,,,2026-10-03 15:25:34,
Probe,msn.ca,7,Success,,,,14.16,,,,,,2026-10-03 15:25:35,
